term,variable type,running gear back mount inset,running gear drive gear radius,running gear drive gear weight,running gear drive gear width,running gear front mount inset,running gear height ,running gear inset mount height,running gear mattrack climb height,running gear mattrack length,running gear mattrack weight per mattrack,running gear mattrack width,running gear road wheel radius ,running gear road wheel weight,running gear road wheel width,running gear suspension weight,running gear track weight per inch,running gear track width,running gear wheel radius,running gear wheel weight,running gear wheel width,lower cargo storage volume,smet climb height,smet fcc curb-to-curb turning diameter,smet fcc height,smet fcc length,smet fcc weight,smet fcc width,smet ground clearance,smet platform sprung weight,total fcc load volume,total fcc load weight,upper cargo storage length,upper cargo storage width,total,value,local/global
running gear back mount inset,function,,,,,,,,,,,,,,,,,,,,,,,,1,,,,,,,,,,,,
running gear drive gear radius,function,,,,,,,,,,,,,,,,,,,,,,,,,,,,,,,,,,,,
running gear drive gear weight,function,,,,,,,,,,,,,,,,,,,,,,,,,,,,,,,,,,,,
running gear drive gear width,function,,,,,,,,,,,,,,,,,,,,,,,,,,,,,,,,,,,,
running gear front mount inset,function,,,,,,,,,,,,,,,,,,,,,,,,1,,,,,,,,,,,,
running gear height,function,,,,,,,,,,,,,,,,,,,,,,,,,,,,,,,,,,,,
running gear inset mount height,function,,,,,,,,,,,,,,,,,,,,,,,,,,,,,,,,,,,,
running gear mattrack climb height,function,,,,,,,,,,,,,,,,,,,,,,,,,,,,,,,,,,,,
running gear mattrack length,function,,,,,,,,,,,,,,,,,,,,,,,,,,,,,,,,,,,,
running gear mattrack weight per mattrack,function,,,,,,,,,,,,,,,,,,,,,,,,,,,,,,,,,,,,
running gear mattrack width,function,,,,,,,,,,,,,,,,,,,,,,,,,,,,,,,,,,,,
running gear road wheel radius,function,,,,,,,,,,,,,,,,,,,,,,,,,,,,,,,,,,,,
running gear road wheel weight,function,,,,,,,,,,,,,,,,,,,,,,,,,,,,,,,,,,,,
running gear road wheel width,function,,,,,,,,,,,,,,,,,,,,,,,,,,,,,,,,,,,,
running gear suspension weight,function,,,,,,,,,,,,,,,,,,,,,,,,,,,,,,,,,,,,
running gear track weight per inch,function,,,,,,,,,,,,,,,,,,,,,,,,,,,,,,,,,,,,
running gear track width,function,,,,,,,,,,,,,,,,,,,,,,,,,,,,,,,,,,,,
running gear wheel radius,function,,,,,,,,,,,,,,,,,,,,,,,,,,,,,,,,,,,,
running gear wheel weight,function,,,,,,,,,,,,,,,,,,,,,,,,,,,,,,,,,,,,
running gear wheel width,function,,,,,,,,,,,,,,,,,,,,,,,,,,,,,,,,,,,,
lower cargo storage volume (in3),function,,,,,,,,,,,,,,,,,,,,,,,,,,,,,,,,,,,,
smet climb height (in),function,,,,,,,,,,,,,,,,,,,,,,,,,,,,,,,,,,,,
smet fcc curb-to-curb turning diameter (in),function,,,,,,,,,,,,,,,,,,,,,,,,,,,,,,,,,,,,
smet fcc height (in),function,,,,,,,,,,,,,,,,,,,,,,,,,,,,,,,,,,,,
smet fcc length (in),function,,,,,,,,,,,,,,,,,,,,,,,,,,,,,,,,,,,,
smet fcc weight (lbf),function,,,,,,,,,,,,,,,,,,,,,,,,,,,,,,,,,,,,
smet width (in),function,,,,,,,,,,,,,,,,,,,,,,,,,,,,,,,,,,,,
smet ground clearance (in),function,,,,,,,,,,,,,,,,,,,,,,,,,,,,,,,,,,,,
smet platform sprung weight (lbf),function,,,,,,,,,,,,,,,,,,,,,,,,,,,,,,,,,,,,
total fcc load volume (in3),function,,,,,,,,,,,,,,,,,,,,,,,,,,,,,,,,,,,,
total fcc load weight (lbf),function,,,,,,,,,,,,,,,,,,,,,,,,,,,,,,,,,,,,
upper cargo storage length (in),function,,,,,,,,,,,,,,,,,,,,,,,,,,,,,,,,,,,,
upper cargo storage width(in),function,,,,,,,,,,,,,,,,,,,,,,,,,,,,,,,,,,,,
average tree separation,mult. binary,,,,,,,,,,,,,,,,,,,,,,,,,,,,,,,,,,,48,
brakes weight,mult. binary,,,,,,,,,,,,,,,,,,,,,,,,,,,,,,,,,,,7,
ch47 interior height,mult. binary,,,,,,,,,,,,,,,,,,,,,,,,,,,,,,,,,,,72,
ch47 interior length,mult. binary,,,,,,,,,,,,,,,,,,,,,,,,,,,,,,,,,,,331,
ch47 interior width,mult. binary,,,,,,,,,,,,,,,,,,,,,,,,,,,,,,,,,,,9,
ch47 interior width w/ seats employed,mult. binary,,,,,,,,,,,,,,,,,,,,,,,,,,,,,,,,,,,55.8,
ch47 maximum sling weight,mult. binary,,,,,,,,,,,,,,,,,,,,,,,,,,,,,,,,,,,26,
crouched fcc soldier height,mult. binary,,,,,,,,,,,,,,,,,,,,,,,,,,,,,,,,,,,35,
dc/dc converter weight,mult. binary,,,,,,,,,,,,,,,,,,,,,,,,,,,,,,,,,,,24.25,
diesel weight per gallon,mult. binary,,,,,,,,,,,,,,,,,,,,,,,,,,,,,,,,,,,7.25,
fcc soldier max step height,mult. binary,,,,,,,,,,,,,,,,,,,,,,,,,,,,,,,,,,,24,
hmmwv curb-to-curb turning diameter,mult. binary,,,,,,,,,,,,,,,,,,,,,,,,,,,,,,,,,,,3,
hmmwv ground clearance,mult. binary,,,,,,,,,,,,,,,,,,,,,,,,,,,,,,,,,,,16,
hvpdu weight,mult. binary,,,,,,,,,,,,,,,,,,,,,,,,,,,,,,,,,,,33,
jp8 weight per gallon,mult. binary,,,,,,,,,,,,,,,,,,,,,,,,,,,,,,,,,,,6.7,
lights weight,mult. binary,,,,,,,,,,,,,,,,,,,,,,,,,,,,,,,,,,,5.29,
lvpdu weight,mult. binary,,,,,,,,,,,,,,,,,,,,,,,,,,,,,,,,,,,33,
max mattrack ackerman angle,mult. binary,,,,,,,,,,,,,,,,,,,,,,,,,,,,,,,,,,,2,
max wheel ackerman angle,mult. binary,,,,,,,,,,,,,,,,,,,,,,,,,,,,,,,,,,,45,
molle pack height,mult. binary,,,,,,,,,,,,,,,,,,,,,,,,,,,,,,,,,,,24,
molle pack thickness,mult. binary,,,,,,,,,,,,,,,,,,,,,,,,,,,,,,,,,,,1,
molle pack weight,mult. binary,,,,,,,,,,,,,,,,,,,,,,,,,,,,,,,,,,,68.66,
molle pack width,mult. binary,,,,,,,,,,,,,,,,,,,,,,,,,,,,,,,,,,,22,
nato pallet length,mult. binary,,,,,,,,,,,,,,,,,,,,,,,,,,,,,,,,,,,14,
nato pallet width,mult. binary,,,,,,,,,,,,,,,,,,,,,,,,,,,,,,,,,,,84,
number of extra ammunition magazines carried,mult. binary,,,,,,,,,,,,,,,,,,,,,,,,,,,,,,,,,,,2,
number of extra batteries carried,mult. binary,,,,,,,,,,,,,,,,,,,,,,,,,,,,,,,,,,,9,
number of extra gallons of water carried,mult. binary,,,,,,,,,,,,,,,,,,,,,,,,,,,,,,,,,,,18,
number of extra mres carried,mult. binary,,,,,,,,,,,,,,,,,,,,,,,,,,,,,,,,,,,24,
packing efficiency,mult. binary,,,,,,,,,,,,,,,,,,,,,,,,,,,,,,,,,,,0.9,
practical smet loaded height limit,mult. binary,,,,,,,,,,,,,,,,,,,,,,,,,,,,,,,,,,,36,
rack and pinion weight,mult. binary,,,,,,,,,,,,,,,,,,,,,,,,,,,,,,,,,,,1,
speakers weight,mult. binary,,,,,,,,,,,,,,,,,,,,,,,,,,,,,,,,,,,1,
squad radio weight,mult. binary,,,,,,,,,,,,,,,,,,,,,,,,,,,,,,,,,,,13,
uh6 maximum sling weight,mult. binary,,,,,,,,,,,,,,,,,,,,,,,,,,,,,,,,,,,9,
volume of 1 ammunition magazine,mult. binary,,,,,,,,,,,,,,,,,,,,,,,,,,,,,,,,,,,54,
volume of 1 battery,mult. binary,,,,,,,,,,,,,,,,,,,,,,,,,,,,,,,,,,,52.8,
water weight per gallon,mult. binary,,,,,,,,,,,,,,,,,,,,,,,,,,,,,,,,,,,8.34,
weight of 1 ammunition magazine,mult. binary,,,,,,,,,,,,,,,,,,,,,,,,,,,,,,,,,,,2,
weight of 1 battery,mult. binary,,,,,,,,,,,,,,,,,,,,,,,,,,,,,,,,,,,3.1,
accelerometers weight,input var,,,,,,,,,,,,,,,,,,,,,,,,,,,,,,,,,,,,
antenna bendable,input var,,,,,,,,,,,,,,,,,,,,,,,,,,,,,,,,,,,,
antenna extended length,input var,,,,,,,,,,,,,,,,,,,,,,,,,,,,,,,,,,,,
antenna stowed length,input var,,,,,,,,,,,,,,,,,,,,,,,,,,,,,,,,,,,,
antenna weight,input var,,,,,,,,,,,,,,,,,,,,,,,,,,,,,,,,,,,,
armor coverage,input var,,,,,,,,,,,,,,,,,,,,,,,,,,,,,,,,,,,,
armor weight per in2,input var,,,,,,,,,,,,,,,,,,,,,,,,,,,,,,,,,,,,
automotive cooling system weight,input var,,,,,,,,,,,,,,,,,,,,,,,,,,,,,,,,,,,,
burst capacitor weight,input var,,,,,,,,,,,,,,,,,,,,,,,,,,,,,,,,,,,,
cameras height,input var,,,,,,,,,,,,,,,,,,,,,,,,,,,,,,,,,,,,
cameras weight,input var,,,,,,,,,,,,,,,,,,,,,,,,,,,,,,,,,,,,
chemical fuel storage tank capacity,input var,,,,,,,,,,,,,,,,,,,,,,,,,,,,,,,,,,,,
chemical fuel storage tank empty weight,input var,,,,,,,,,,,,,,,,,,,,,,,,,,,,,,,,,,,,
computer backup power weight,input var,,,,,,,,,,,,,,,,,,,,,,,,,,,,,,,,,,,,
computers weight,input var,,,,,,,,,,,,,,,,,,,,,,,,,,,,,,,,,,,,
electric motor and conttroller weight,input var,,,,,,,,,,,,,,,,,,,,,,,,,,,,,,,,,,,,
electronics cooling system weight,input var,,,,,,,,,,,,,,,,,,,,,,,,,,,,,,,,,,,,
frame axle mount inset,input var,,,,,,,,,,,,,,,,,,,,,,,,1,,,,,,,,,,,,
frame fcc loading style,input var,,,,,,,,,,,,,,,,,,,,,,,,,,,,,,,,,,,,
frame material thickness,input var,,,,,,,,,,,,,,,,,,,,,,,,,,,,,,,,,,,,
frame material weight  per in3,input var,,,,,,,,,,,,,,,,,,,,,,,,,,,,,,,,,,,,
frame overbody height,input var,,,,,,,,,,,,,,,,,,,,,,,,,,,,,,,,,,,,
frame shape,input var,,,,,,,,,,,,,,,,,,,,,,,,,,,,,,,,,,,,
frame underbody height,input var,,,,,,,,,,,,,,,,,,,,,,,,,,,,,,,,,,,,
frame underbody length,input var,,,,,,,,,,,,,,,,,,,,,,,,1,,,,,,,,,,,,
frame underbody width,input var,,,,,,,,,,,,,,,,,,,,,,,,,,,,,,,,,,,,
fuel cell fuel type,input var,,,,,,,,,,,,,,,,,,,,,,,,,,,,,,,,,,,,
fuel cell name,input var,,,,,,,,,,,,,,,,,,,,,,,,,,,,,,,,,,,,
fuel cell weight,input var,,,,,,,,,,,,,,,,,,,,,,,,,,,,,,,,,,,,
generator inverter weight,input var,,,,,,,,,,,,,,,,,,,,,,,,,,,,,,,,,,,,
generator weight,input var,,,,,,,,,,,,,,,,,,,,,,,,,,,,,,,,,,,,
gps weight,input var,,,,,,,,,,,,,,,,,,,,,,,,,,,,,,,,,,,,
gyroscopic sensors weight,input var,,,,,,,,,,,,,,,,,,,,,,,,,,,,,,,,,,,,
internal combustion engine fuel type,input var,,,,,,,,,,,,,,,,,,,,,,,,,,,,,,,,,,,,
internal combustion engine name,input var,,,,,,,,,,,,,,,,,,,,,,,,,,,,,,,,,,,,
internal combustion engine weight,input var,,,,,,,,,,,,,,,,,,,,,,,,,,,,,,,,,,,,
inverter weight,input var,,,,,,,,,,,,,,,,,,,,,,,,,,,,,,,,,,,,
lidar height,input var,,,,,,,,,,,,,,,,,,,,,,,,,,,,,,,,,,,,
lidar weight,input var,,,,,,,,,,,,,,,,,,,,,,,,,,,,,,,,,,,,
low voltage battery weight,input var,,,,,,,,,,,,,,,,,,,,,,,,,,,,,,,,,,,,
magnetometers weight,input var,,,,,,,,,,,,,,,,,,,,,,,,,,,,,,,,,,,,
ocu hardware weight,input var,,,,,,,,,,,,,,,,,,,,,,,,,,,,,,,,,,,,
ocu receiver weight,input var,,,,,,,,,,,,,,,,,,,,,,,,,,,,,,,,,,,,
offload generator capacity,input var,,,,,,,,,,,,,,,,,,,,,,,,,,,,,,,,,,,,
offload generator empty weight,input var,,,,,,,,,,,,,,,,,,,,,,,,,,,,,,,,,,,,
offload generator fuel type,input var,,,,,,,,,,,,,,,,,,,,,,,,,,,,,,,,,,,,
offload generator height,input var,,,,,,,,,,,,,,,,,,,,,,,,,,,,,,,,,,,,
offload generator length,input var,,,,,,,,,,,,,,,,,,,,,,,,,,,,,,,,,,,,
offload generator width,input var,,,,,,,,,,,,,,,,,,,,,,,,,,,,,,,,,,,,
position feedback sensors weight,input var,,,,,,,,,,,,,,,,,,,,,,,,,,,,,,,,,,,,
radar height,input var,,,,,,,,,,,,,,,,,,,,,,,,,,,,,,,,,,,,
radar weight,input var,,,,,,,,,,,,,,,,,,,,,,,,,,,,,,,,,,,,
remote control radio weight,input var,,,,,,,,,,,,,,,,,,,,,,,,,,,,,,,,,,,,
running gear road wheel radius,input var,,,,,,,,,,,,,,,,,,,,,,,,,,,,,,,,,,,,
running gear drive gear radius,input var,,,,,,,,,,,,,,,,,,,,,,,,,,,,,,,,,,,,
running gear drive gear weight,input var,,,,,,,,,,,,,,,,,,,,,,,,,,,,,,,,,,,,
running gear drive gear width,input var,,,,,,,,,,,,,,,,,,,,,,,,,,,,,,,,,,,,
running gear mattrack drive gear radius,input var,,,,,,,,,,,,,,,,,,,,,,,,,,,,,,,,,,,,
running gear mattrack height,input var,,,,,,,,,,,,,,,,,,,,,,,,,,,,,,,,,,,,
running gear mattrack inset length,input var,,,,,,,,,,,,,,,,,,,,,,,,,,,,,,,,,,,,
running gear mattrack length,input var,,,,,,,,,,,,,,,,,,,,,,,,,,,,,,,,,,,,
running gear mattrack track thickness,input var,,,,,,,,,,,,,,,,,,,,,,,,,,,,,,,,,,,,
running gear mattrack weight per mattrack,input var,,,,,,,,,,,,,,,,,,,,,,,,,,,,,,,,,,,,
running gear mattrack width,input var,,,,,,,,,,,,,,,,,,,,,,,,,,,,,,,,,,,,
running gear road wheel weight,input var,,,,,,,,,,,,,,,,,,,,,,,,,,,,,,,,,,,,
running gear road wheel width,input var,,,,,,,,,,,,,,,,,,,,,,,,,,,,,,,,,,,,
running gear suspension weight,input var,,,,,,,,,,,,,,,,,,,,,,,,,,,,,,,,,,,,
running gear track thickness,input var,,,,,,,,,,,,,,,,,,,,,,,,,,,,,,,,,,,,
running gear track weight per inch,input var,,,,,,,,,,,,,,,,,,,,,,,,,,,,,,,,,,,,
running gear track width,input var,,,,,,,,,,,,,,,,,,,,,,,,,,,,,,,,,,,,
running gear type,input var,,,,,,,,,,,,,,,,,,,,,,,,,,,,,,,,,,,,
running gear weight limit,input var,,,,,,,,,,,,,,,,,,,,,,,,,,,,,,,,,,,,
running gear wheel radius,input var,,,,,,,,,,,,,,,,,,,,,,,,,,,,,,,,,,,,
running gear wheel weight,input var,,,,,,,,,,,,,,,,,,,,,,,,,,,,,,,,,,,,
running gear wheel width,input var,,,,,,,,,,,,,,,,,,,,,,,,,,,,,,,,,,,,
steering type name,input var,,,,,,,,,,,,,,,,,,,,,,,,,,,,,,,,,,,,
tether system weight,input var,,,,,,,,,,,,,,,,,,,,,,,,,,,,,,,,,,,,
traction battery weight,input var,,,,,,,,,,,,,,,,,,,,,,,,,,,,,,,,,,,,
transmission weight,input var,,,,,,,,,,,,,,,,,,,,,,,,,,,,,,,,,,,,
winch stowed width,input var,,,,,,,,,,,,,,,,,,,,,,,,1,,,,,,,,,,,,
winch weight,input var,,,,,,,,,,,,,,,,,,,,,,,,,,,,,,,,,,,,
